"id","name","email","desc"
"9","rony","rony@gmail.com","rony123"
"10","SABIHA KHATUN","shahinurcmt45@gmail.com","12345"
"11","MD SHAHINUR RAHMAN","eatsandblog247@gmail.com","123745446"
"12","rony","shahinurcmt47@gmail.com","123"
"14","mehedi","mehedi@shoeniverse.net","123"
"15","rony","shahinurcmt47@gmail.com","4555"
"16","maruf","maruf@gmail.com","hi"
"17","","",""
"18","","",""
"19","","",""
"20","","",""
"21","","",""
"22","","",""
"23","","",""
"24","","",""
"25","","",""
"26","","",""
"27","","",""
"28","","",""
"29","","",""
"30","","",""
"31","","",""
"32","","",""
"33","","",""
"34","","",""
"35","","",""
"36","","",""
"37","fg","shahinurcmt45@gmail.com","ffgf"
